acadèmico_inta_corresponding,anio,coautor_inta,doi,if,if2022,if2023,if_2023,if_5y,nombre_primer_autor,primer_autor_inta,"prmer_autor_inta_(si,_no)",q,revista,tipo_documento,titulo,titulo_revista,disciplina_final
0,2023,"Corvalan, Camila",10.1016/j.canep.2023.102413,,,2.4,,2.7,Luz Myriam Reynales-Shigematsu ,No,,Q2,CANCER EPIDEMIOLOGY,Article,"Latin America and the Caribbean Code Against Cancer 1st edition: Tobacco and nicotine-related products, secondhand smoke, and alcohol and cancer",,"public, environmental & occupational health"
0,2015,"Latorre, Mauricio",10.1016/j.jnutbio.2015.04.009,4668,,,,4508,"Tallino, Savannah",No,,Q1,,Article,"Nutrigenomics analysis reveals that copper deficiency and dietary sucrose up-regulate inflammation, fibrosis and lipogenic pathways in a mature rat model of nonalcoholic fatty liver disease",JOURNAL OF NUTRITIONAL BIOCHEMISTRY,biochemistry & molecular biology
0,2019,"Pacheco, Igor",10.1080/14620316.2018.1543559,1160,,,,1191,"Alfonso Salazar, Juan",No,,	Q2,,Article,Development and applicability of GBS approach for genomic studies in Japanese plum (Prunus salicina Lindl.),JOURNAL OF HORTICULTURAL SCIENCE & BIOTECHNOLOGY,horticulture
0,2020,"Romero, Jaime",10.1007/s12602-019-09550-9,4609,,,,4585,Carolina Ramírez ,No,,Q2,PROBIOTICS AND ANTIMICROBIAL PROTEINS,Article,Partial Evaluation of Autochthonous Probiotic Potential of the Gut Microbiota of Seriola lalandi,,biotechnology & applied microbiology
0,2024,"Angel, Barbara,Cecilia Albala",10.1002/alz.13522,,,,13.0,16,Maria Carolina Dalmasso,,No,Q1,,Article,The first genome-wide association study in the Argentinian and Chilean populations identifies shared genetics with Europeans in Alzheimer's disease,ALZHEIMERS & DEMENTIA,clinical neurology
0,2020,"Algarin, Cecilia; Peirano, Patricio; Uauy, Ricardo",10.1186/s12887-020-02087-9,2125,,,,2782,Rosario Toro-Campos,No,,Q3,BMC PEDIATRICS,Article,Effect of feeding mode on infant growth and cognitive function: study protocol of the Chilean infant Nutrition randomized controlled Trial (ChiNuT),,pediatrics
"Valenzuela, Rodrigo",2017,"Angel Rincon-Cervera, Miguel; Valenzuela, Alfonso",10.1002/mnfr.201700479,5151,,,,5232,"Hernandez-Rodas, Maria C.",No,,	Q1,,Article,Supplementation with Docosahexaenoic Acid and Extra Virgin Olive Oil Prevents Liver Steatosis Induced by a High-Fat Diet in Mice through PPAR-alpha and Nrf2 Upregulation with Concomitant SREBP-1c and NF-kB Downregulation,MOLECULAR NUTRITION & FOOD RESEARCH,food science & technology
0,2025,"Cabello, Juan",10.3390/ijns11020045,4,,,,3.9,Dianne Webster ,No,,Q1 ,,Article,ISNS General Guidelines for Neonatal Bloodspot Screening 2025,INTERNATIONAL JOURNAL OF NEONATAL SCREENING,pediatrics
0,2017,"Valladares, Luis",10.3856/vol45-issue5-fulltext-8,0.482,,,,0.738,"Ortiz Tirado, Juan",No,,	Q4,,Article,"Levels of 17 beta-estradiol, vitellogenin, and prostaglandins during the reproductive cycle of Oreochromis niloticus",LATIN AMERICAN JOURNAL OF AQUATIC RESEARCH,fisheries
0,2018,"Latorre, Mauricio",10.3389/fmicb.2018.00959,4259,,,,4840,"Figueroa, Maximiliano",No,,Q1,,Article,Synthesis and Antibacterial Activity of Metal(loid) Nanostructures by Environmental Multi-Metal(loid) Resistant Bacteria and Metal(loid)-Reducing Flavoproteins,FRONTIERS IN MICROBIOLOGY,microbiology
"Speisky, Hernan",2017,0,10.1016/j.foodchem.2017.05.023,5399,,,,5488,"Atala, Elias",No,,Q1,,Article,Quercetin and related flavonoids conserve their antioxidant properties despite undergoing chemical or enzymatic oxidation,FOOD CHEMISTRY,nutrition & dietetics
"Troncoso, Rodrigo",2022,"Bravo-Sagua, Roberto; Rodriguez, Juan M.",10.3390/ijms23105582,,5.6,,,6.2,Claudia Sepúlveda-Quiñenao,No,,	Q1,INTERNATIONAL JOURNAL OF MOLECULAR SCIENCES,Article,Glucocorticoid Receptor beta Overexpression Has Agonist-Independent Insulin-Mimetic Effects on HepG2 Glucose Metabolism,,"chemistry, multidisciplinary"
0,2018,"Pia de la Maza, Maria",10.1016/j.foodchem.2017.09.098,5399,,,,5488,"Gomez-Ojeda, Armando",No,,	Q1,,Article,Comparative evaluation of three different ELISA assays and HPLC-ESI-ITMS/MS for the analysis of N-epsilon-carboxymethyl lysine in food samples,FOOD CHEMISTRY,"chemistry, applied"
0,2016,"Latorre, Mauricio; Gonzalez, Mauricio",10.1016/j.bbrc.2016.09.096,2466,,,,2354,"Acuna, Mariana",no,,	Q3,,Article,Structural and functional analysis of the ASM p.Ala359Asp mutant that causes acid sphingomyelinase deficiency,BIOCHEMICAL AND BIOPHYSICAL RESEARCH COMMUNICATIONS,biophysics
0,2018,"Corvalan, Camila ; Pereira, Ana",10.1158/1055-9965.EPI-17-0813,5057,,,,4660,"Binder, Alexandra M.",No,,	Q1,,Article,Prepubertal and pubertal endocrine-disrupting chemical exposure and breast density among Chilean adolescents,CANCER EPIDEMIOLOGY BIOMARKERS & PREVENTION,"public, environmental & occupational health"
0,2025,"de Camargo, Adriano Costa",https://doi.org/10.3390/antiox14050574,6.6,,,,7.3,Katherine Rivera ,No,,Q1,,Article,Red Wine Grape Pomace Restores Gut Barrier Function and Improves Survival in Diet-Induced Ischemic Heart Disease,ANTIOXIDANTS,biochemistry & molecular biology
"Arredondo, Miguel",2021,0,10.1007/s12011-020-02324-3,4081,,,,3755,Ariel Vivero,No,,Q3,BIOLOGICAL TRACE ELEMENT RESEARCH,Article,Zinc Supplementation and Strength Exercise in Rats with Type 2 Diabetes: Akt and PTP1B Phosphorylation in Nonalcoholic Fatty Liver,,endocrinology & metabolism
0,2020,"Faundes, Victor",10.1038/s41436-019-0743-3,8822,,,,12372,Sara Cuvertino,No,,Q1,GENETICS IN MEDICINE,Article; Early Access,A restricted spectrum of missense KMT2D variants cause a multiple malformations disorder distinct from Kabuki syndrome,,genetics & heredity
0,2021,"Gotteland, Martin",10.1016/j.foodhyd.2020.106370,11504,,,,11357,Paulina Cerda-Opazo,No,,Q1,FOOD HYDROCOLLOIDS,Article,"Design, development and evaluation of nanoemulsion containing avocado peel extract with anticancer potential: A novel biological active ingredient to enrich food",,food science & technology
0,2025,Magaly Toro,10.1016/j.envpol.2025.125782,7.3,,,,8.1,Alan D.L. Rocha,No,,Q1,,Article,Predictors of Salmonella enterica contamination in agricultural and livestock-impacted natural watersheds,ENVIRONMENTAL POLLUTION,environmental sciences
"Correa-Burrows, Paulina",2015,"Burrows, Raquel ; Orellana, Yasna ; Ivanovic, Daniza",10.1017/S1368980014002602,2433,,,,2904,"Correa-Burrows, Paulina",sí,,Q2,,Article,The relationship between unhealthy snacking at school and academic outcomes: a population study in Chilean schoolchildren,PUBLIC HEALTH NUTRITION,"public, environmental & occupational health"
Adriano Costa de Camargo,2022,0,10.3390/antiox11061139,,7.0,,,7.3,"Adriano Costa de Camargo
",Sí,,Q1,ANTIOXIDANTS,Article,"Soluble Free, Esterified and Insoluble-Bound Phenolic Antioxidants from Chickpeas Prevent Cytotoxicity in Human Hepatoma HuH-7 Cells Induced by Peroxyl Radicals",,biochemistry & molecular biology
0,2018,0,10.1111/zph.12526,2164,,,,2579,"Toro, Magaly",Sí,,Q1,,Article,Genomics of Salmonella contaminating backyard production systems reveals persistence and transmission of genetically related Salmonella on a farm basis,ZOONOSES AND PUBLIC HEALTH,infectious diseases
0,2020,"Pacheco, Igor",10.1016/j.postharvbio.2020.111292,5537,,,,5821,Juan Alfonso Salazar,No,,Q1,POSTHARVEST BIOLOGY AND TECHNOLOGY,Article,"Identification of loci controlling phenology, fruit quality and post-harvest quantitative parameters in Japanese plum (Prunus salicina Lindl.)",,food science & technology
0,2016,"Corvalan, Camila; Kain, Juliana ; Uauy, Ricardo ;Luisa Garmendia, Maria",10.1002/oby.21490,3873,,,,4358,"Linares, Jeannette",no,,	Q1,,Article,The effects of pre-pregnancy BMI and maternal factors on the timing of adiposity rebound in offspring,OBESITY,nutrition & dietetics
0,2025,Adriano Costa de Camargo,10.1016/j.foodchem.2025.144364,9.8,,,,9.7,Anna Paula de Souza Silva,No,,Q1 ,,Article,How does in vitro gastrointestinal digestion affect the biological activities and phenolic profile of açaf (Euterpe oleracea) and inaja (Maximiliana maripa) by-products?,FOOD CHEMISTRY,"chemistry, applied"
"Troncoso, Rodrigo",2020,"Lavandero, Sergio",10.3390/nu12071930,5719,,,,6352,Matías Monsalves-Alvarez,No,,Q1,NUTRIENTS,Article,beta-Hydroxybutyrate Increases Exercise Capacity Associated with Changes in Mitochondrial Function in Skeletal Muscle,,nutrition & dietetics
"Perez-Bravo, Francisco",2023,"Arredondo, Miguel",10.3390/nu15071707,,,4.8,,5.8,Oscar Castillo-Valenzuela,No,,Q1,NUTRIENTS,Aarticle,Childhood Obesity and Plasma Micronutrient Deficit of Chilean Children between 4 and 14 Years Old,,nutrition & dietetics
"H. Speisky, Jocelyn Fuentes",2024,0,10.1016/j.foodchem.2023.137487,,,,8.5,8.2,M. Fernanda Arias-Santé,,No,Q1,,Article,"Amplification of the antioxidant properties of myricetin, fisetin, and morin following their oxidation",FOOD CHEMISTRY,chemistry
0,2022,Raquel Burrows,10.1111/cob.12488,,3.3,,,3.5,Deshna Majmudar,No,,Q3,CLINICAL OBESITY,Article,"Associations between adverse home environments and appetite hormones, adipokines, and adiposity among Chilean adolescents",,endocrinology & metabolism
0,2022,"Burrows, Raquel A, Correa-Burrows, Paulina",10.1017/S0954579422000517,,3.1,,,3.9,Brie M. Reid,No,,Q1,DEVELOPMENT AND PSYCHOPATHOLOGY,Article,Early-life adversity is associated with poor iron status in infancy,,"psychology, developmental"
0,2021,"Leyton Dinamarca, Barbara",10.5195/IJT.2021.6415,,,,,,Jorge Cancino-López ,No,,,INTERNATIONAL JOURNAL OF TELEREHABILITATION,Article,TELEREHABILITATION IS EFFECTIVE TO RECOVER FUNCTIONALITY AND INCREASE SKELETAL MUSCLE MASS INDEX IN COVID-19 SURVIVORS,,rehabilitation
M.L. Garmendia),2024,"Marcela Reyes, ",10.1016/j.nut.2024.112560,,,,3.2,3.7,Paola Campos,,No,Q2 ,,Article,Association between consumption of non-nutritive sweeteners and gestational diabetes mellitus in Chilean pregnant women: A secondary data analysis of the CHiMINCs-II cohort,NUTRITION,nutrition & dietetics
0,2017,"Valladares, Luis",10.3856/vol45-issue5-fulltext-8,0.482,,,,0.738,"Ortiz Tirado, Juan",No,,	Q4,,Article,"Levels of 17 beta-estradiol, vitellogenin, and prostaglandins during the reproductive cycle of Oreochromis niloticus",LATIN AMERICAN JOURNAL OF AQUATIC RESEARCH,marine & freshwater biology
"Urrutia, Pamela J.",2024,0,10.3390/ijms25105467,,,,4.9,5.6,Josefa Krarup,,No,Q1 ,,Article,A Brain Anti-Senescence Transcriptional Program Triggered by Hypothalamic-Derived Exosomal microRNAs,INTERNATIONAL JOURNAL OF MOLECULAR SCIENCES,biochemistry & molecular biology
0,2018,"Corvalan, Camila; Reyes, Marcela",10.1017/S1368980017002671,2526,,,,3046,"Stoltze, Fernanda Mediano",No,,	Q2,,Article,Prevalence of child-directed and general audience marketing strategies on the front of beverage packaging: The case of Chile,PUBLIC HEALTH NUTRITION,nutrition & dietetics
0,2025,0,10.1152/physiol.00021.2024,10.3,,,,10.3,"Cifuentes, Mariana",Sí,,Q1 ,,Review,Low-Grade Chronic Inflammation: a Shared Mechanism for Chronic Diseases,PHYSIOLOGY,physiology
0,2021,"Correa-Burrows, P.",10.1103/PhysRevE.104.024312,2707,,,,2537,M. Ramírez,No,,Q2,PHYSICAL REVIEW E,Article,Pedestrian flow in two dimensions: Optimal psychological stress leads to less evacuation time and decongestion,,"physics, mathematical"
0,2019,"Burrows, Raquel ; Correa, Paulina",10.1007/s00592-018-1264-2,3418,,,,3193,Evaline Cheng,No,,Q2,,Article,Light smoking is associated with metabolic syndrome risk factors in Chilean young adults,ACTA DIABETOLOGICA,endocrinology & metabolism
"Romero, Jaime",2017,0,10.1264/jsme2.ME17071,2476,,,,2551,"Villasante, Alejandro",No,,Q2,,Article,First Report of Swim Bladder-Associated Microbiota in Rainbow Trout (Oncorhynchus mykiss),MICROBES AND ENVIRONMENTS,biotechnology & applied microbiology
"Olivares Cortes, Sonia",2015,0,10.3305/nh.2015.32.2.9084,1497,,,,1473,"Olivares Cortes, Sonia",Sí,,Q3,,Article,DESIGN AND VALIDATION OF AN IMAGE FOR DISSEMINATION AND IMPLEMENTATION OF CHILEAN DIETARY GUIDELINES,NUTRICION HOSPITALARIA,nutrition & dietetics
"Sandoval, Moises H.",2022,0,10.1177/08982643211027404,,2.8,,,3.0,"Sandoval, Moises H.",Sí,,Q2,JOURNAL OF AGING AND HEALTH,Article,The Importance of Education for Middle- and Old-Age Mortality in Chile: Estimates From Panel Data Linked to Death Records,,health policy & services
0,2015,"Weisstaub, Gerardo; Burrows, Raquel",10.3305/nh.2015.31.3.8049,1497,,,,1473,"Valladares, Macarena",No,,Q3,,Article,"ASSOCIATION BETWEEN FEEDING BEHAVIOR, AND GENETIC POLYMORPHISM OF LEPTIN AND ITS RECEPTOR IN OBESE CHILEAN CHILDREN",NUTRICION HOSPITALARIA,nutrition & dietetics
"Espejo, Romilio",2016,0,10.1371/journal.pone.0152515,2806,,,,3394,"Castillo, Daniel",no,,Q1,,Article,Comparative Genome Analysis Provides Insights into the Pathogenicity of Flavobacterium psychrophilum,PLOS ONE,multidisciplinary sciences
0,2022,"Reyes, Marcela; Burrows, Raquel ; Peirano, P  ; Algarín, C ",10.1016/j.psyneuen.2022.105718,,3.6,,,4.1,Fabian Lanuza Rilling,No,,Q1,PSYCHONEUROENDOCRINOLOGY,Article,Association of fasting Orexin-A levels with energy intake at breakfast and subsequent snack in Chilean adolescents,,endocrinology & metabolism
0,2016,0,10.1128/AEM.01760-16,3807,,,,4282,"Toro, Magaly",Sí,,Q1,,Article,"Whole-Genome Sequencing Analysis of Salmonella enterica Serovar Enteritidis Isolates in Chile Provides Insights into Possible Transmission between Gulls, Poultry, and Humans",APPLIED AND ENVIRONMENTAL MICROBIOLOGY,biotechnology & applied microbiology
"Burrows, Raquel",2016,"Correa-Burrows, Paulina ; Reyes, Marcela; Albala, Cecilia",10.1017/S1368980015001585,2326,,,,2824,"Burrows, Raquel",Sí,,Q2,,Article,"High cardiometabolic risk in healthy Chilean adolescents: associations with anthropometric, biological and lifestyle factors",PUBLIC HEALTH NUTRITION,"public, environmental & occupational health"
0,2018,"Lera, Lydia ; Leyton, Barbara",10.1017/S0021932017000025,1050,,,,1159,"Lizana, Pablo A.",No,,	Q3,,Article,"ASSOCIATION BETWEEN BODY COMPOSITION, SOMATOTYPE AND SOCIOECONOMIC STATUS IN CHILEAN CHILDREN AND ADOLESCENTS AT DIFFERENT SCHOOL LEVELS",JOURNAL OF BIOSOCIAL SCIENCE,demography
"Carlos Márquez, Cecilia Albala",2024," Lydia Lera, Patricio Peirano",,,,,3.0,3,Myriam Gutiérrez,,No,Q1,,Article,Self-Reported Sleep Duration Is a Useful Tool to Predict Sarcopenia in Chilean Older Adults: Evidence from the ALEXANDROS Longitudinal Study,JOURNAL OF PERSONALIZED MEDICINE,"general & internal, health care sciences & services"
0,2023,"Corvalan, Camila",10.1017/S1368980023001593,,,3,,3.5,Gabriela Fretes,No,,Q2 ,PUBLIC HEALTH NUTRITION,Aarticle,Ultra-processed food consumption is associated with variations in daily routines in elementary schoolchildren during the COVID-19 pandemic in Chile,,nutrition & dietetics
"Olivares, Sonia C.",2018,"Leyton, Barbara D. ;Oyarzun, Maria Teresa M.",,0.375,,,,0.535,"Olivares, Sonia C.",Sí,,	Q4,,Article,Perception of Chilean schoolchildren from different socioeconomic status on food advertising regulation,ARCHIVOS LATINOAMERICANOS DE NUTRICION,nutrition & dietetics
C. ALBALA,2017,"H. SÁNCHEZ, B. ANGEL, M.J. HORMAZABAL, C. MÁRQUEZ",10.14283/jfa.2016.117,,,,,,L. Lera,sí,,,,Article,PREVALENCE OF SARCOPENIA IN COMMUNITY-DWELLING CHILEAN ELDERS ACCORDING TO AN ADAPTED VERSION OF THE EUROPEAN WORKING GROUP ON SARCOPENIA IN OLDER PEOPLE (EWGSOP) CRITERIA,JOURNAL OF FRAILTY & AGING,unclassified
0,2023,"Reyes, Marcela; Corvalan, Camila",10.1186/s12966-023-01445-x,,,5.6,,7.5,Gabriela Fretes,No,,Q1,INTERNATIONAL JOURNAL OF BEHAVIORAL NUTRITION AND PHYSICAL ACTIVITY,Aarticle,"Changes in children's and adolescents' dietary intake after the implementation of Chile's law of food labeling, advertising and sales in schools: a longitudinal study",,nutrition & dietetics
0,2020,"Luisa Garmendia, Maria",10.1017/S0029665120001305,0,,,,0,,No,,0,PROCEEDINGS OF THE NUTRITION SOCIETY,Meeting Abstract,Ultra-processed food consumption and breast cancer risk,,0
0,2017,0,10.2147/ODRR.S69109,,,,,,Juan Francisco Cabello,sí,,,,Review,Pompe disease: Clinical perspectives,Orphan Drugs: Research and Reviews,unclassified
Camila Corvalán,2024,0,10.1016/j.socscimed.2024.116661,,,,4.9,5.2,Isabel Pemjean,,No,Q1,,Article,"How are intra-household dynamics, gender roles and time availability related to food access and children's diet quality during the Covid-19 lockdown?",SOCIAL SCIENCE & MEDICINE,"social sciences, biomedical"
"Fuentes, Jocelyn;
Speisky, Hernan",2021,"Costa de Camargo, Adriano",10.1021/acs.jafc.0c07085,5895,,,,6048,"Fuentes, Jocelyn",Sí,,Q1,JOURNAL OF AGRICULTURAL AND FOOD CHEMISTRY,Article,"Quercetin Oxidation Metabolite Present in Onion Peel Protects Caco-2 Cells against the Oxidative Stress, NF-kappa B Activation, and Loss of Epithelial Barrier Function Induced by NSAIDs",,"chemistry, applied - scie"
"Arredondo, Miguel; Meisel, Lee A.; Fernando Pizarro",2025,0,10.1016/j.jtemb.2025.127753,3.3,,,,3.5,Gabriela Gal´an-Ramírez,No,,Q2,,Article,Effect of blueberries on non-heme iron absorption in adult women,JOURNAL OF TRACE ELEMENTS IN MEDICINE AND BIOLOGY,endocrinology & metabolism
0,2025,"Faundes, Victor",10.3389/fmolb.2025.1561380,4,,,,4.5,Macarena Gajardo,No,,Q2,,Article,Systematic use of protein free energy changes for classifying variants of uncertain significance: the case of IFT140 in Mainzer-Saldino Syndrome,FRONTIERS IN MOLECULAR BIOSCIENCES,biochemistry & molecular biology
0,2025,"Troncoso, Rodrigo",10.1186/s12964-025-02240-w,8.9,,,,9.1,Hugo E. Verdejo,No,,Q1,,Artículo,mTOR inhibition triggers mitochondrial fragmentation in cardiomyocytes through proteosome-dependent prohibitin degradation and OPA-1 cleavage,CELL COMMUNICATION AND SIGNALING,cell biology
"Olivares, Manuel",2015,0,10.1177/0379572115585775,1543,,,,1915,"Mujica-Coopman, Maria F.",No,,	Q2,,Article,Prevalence of Anemia in Latin America and the Caribbean,FOOD AND NUTRITION BULLETIN,food science & technology
Camila Corvalán,2025,"Reyes, Marcela",10.1186/s12916-025-03878-6,8.3,,,,9.4,Natalia Rebolledo,No,,Q1 ,,Artículo,Changes in the critical nutrient content of packaged foods and beverages after the full implementation of the Chilean Food Labelling and Advertising Law: a repeated cross-sectional study,BMC MEDICINE,"medicine, general & internal"
0,2025,"Villasante, Alejandro",10.1007/s10695-025-01535-6,2.5,,,,3.1,Paola Niedmann,No,,Q2,,Article,Potential antioxidant effect of creatine on the functionality of intratesticular spermatozoa of coho salmon (Oncorhynchus kisutch),FISH PHYSIOLOGY AND BIOCHEMISTRY,fisheries
"Bravo-Sagua, Roberto;Albala, Cecilia",2024,"Carlos Márquez ,
Bárbara Angel ",10.3389/fcell.2024.1301433,,,,4.6,5.2,Gianella Liabeuf,,No,Q1 ,,Article,Decreased mitochondrial respiration associates with frailty in community-dwelling older adults,FRONTIERS IN CELL AND DEVELOPMENTAL BIOLOGY,developmental biology
0,2023,"Corvalan, Camila",10.1136/bmjgh-2022-011312,,,7.1,,7,Guillermo Paraje,No,,Q1,BMJ GLOBAL HEALTH,Article,Evolution of food and beverage prices after the front-of-package labelling regulations in Chile,,"public, environmental & occupational health"
"Reyes, Sussanne; Peirano, Patricio;  Algarin, Cecilia",2020,0,10.1017/S0029665120001378,0,,,,0,,Sí,,0,PROCEEDINGS OF THE NUTRITION SOCIETY,Meeting Abstract,Prediction of white matter integrity pattern in overweight and obese adults,,0
"Speisky, Hernan",2017,0,10.1016/j.foodchem.2017.05.023,5399,,,,5488,"Atala, Elias",No,,Q1,,Article,Quercetin and related flavonoids conserve their antioxidant properties despite undergoing chemical or enzymatic oxidation,FOOD CHEMISTRY,"chemistry, applied"
0,2022,"Corvalan, Camila",10.1016/j.appet.2021.105670,,5.4,,,5.1,Melissa L. Jensen,No,,Q1,APPETITE,Article,Television viewing and using screens while eating: Associations with dietary intake in children and adolescents,,nutrition & dietetics
"Araya, Magdalena",2020,"Leyton, Barbara",10.3390/nu12010156,5719,,,,6352,Mónica Villanueva,No,,	Q1,NUTRIENTS,Article,Changes in Age at Diagnosis and Nutritional Course of Celiac Disease in the Last Two Decades,,nutrition & dietetics
"Romero, Jaime",2025,"Lopez-Polo, Johana;Opazo, Rafael",10.3390/ijms262412072,4.9,,,,5.7,"Villasante, Alejandro",Sí,,	Q1,,Artículo,High Dietary Plant Protein Impairs Astaxanthin Pigmentation in Rainbow Trout by Disrupting Cholesterol-Bile Acid Metabolism and Gut Microbiota,INTERNATIONAL JOURNAL OF MOLECULAR SCIENCES,biochemistry & molecular biology
Verónica Cambiazo,2025,0,10.3390/d17020086,2.1,,,,2.3,Daniel E. Palma,No,,Q2 ,,Article,"Microbial Communities in Permafrost, Moraine and Deschampsia antarctica Rhizosphere Soils near Ecology Glacier (King George Island, Maritime Antarctic)",DIVERSITY-BASEL,biodiversity conservation
"Rincon-Cervera, Miguel angel",2025,"Arias-Sante, Maria Fernanda; Romero, Jaime ; de Camargo, Adriano Costa",10.3390/md23030104,5.4,,,,5.6,Sussi López-Puebla,No,,Q1,,Article,"Analysis of Fatty Acid Profile, a-Tocopherol, Squalene and Cholesterol Content in Edible Parts and By-Products of South Pacific Wild Fishes",MARINE DRUGS,pharmacology & pharmacy
"Pizarro, Fernando",2015,"Arredondo, Miguel; Olivares, Manuel",10.1016/j.jtemb.2014.11.005,2550,,,,2484,"Jaramillo, Angela",No,,Q3,,Article,"Effect of phytic acid, tannic acid and pectin on fasting iron bioavailability both in the presence and absence of calcium",JOURNAL OF TRACE ELEMENTS IN MEDICINE AND BIOLOGY,biochemistry & molecular biology
"Romero, Jaime",2018,0,10.1007/s12602-017-9366-7,2962,,,,2411,"Catalan, Natalia",No,,Q2,,Article,Fermented Soybean Meal Increases Lactic Acid Bacteria in Gut Microbiota of Atlantic Salmon (Salmo salar),PROBIOTICS AND ANTIMICROBIAL PROTEINS,biotechnology & applied microbiology
0,2018,"Hirsch, Sandra",10.1017/ice.2018.84,2856,,,,3391,"Johnston, Bradley C.",No,,	Q2,,Article,"Microbial Preparations (Probiotics) for the Prevention of Clostridium difficile Infection in Adults and Children: An Individual Patient Data Meta-analysis of 6,851 Participants",INFECTION CONTROL AND HOSPITAL EPIDEMIOLOGY,"public, environmental & occupational health"
"Fuentes, Jocelyn;
Speisky, Hernan",2021,"Costa de Camargo, Adriano",10.1021/acs.jafc.0c07085,5895,,,,6048,"Fuentes, Jocelyn",Sí,,Q1,JOURNAL OF AGRICULTURAL AND FOOD CHEMISTRY,Article,"Quercetin Oxidation Metabolite Present in Onion Peel Protects Caco-2 Cells against the Oxidative Stress, NF-kappa B Activation, and Loss of Epithelial Barrier Function Induced by NSAIDs",,food science & technology - scie
0,2019,"Reyes, Marcela",10.1017/S1368980018003130,3182,,,,3341,"Correa, Teresa",No,,	Q2,,Article,The prevalence and audience reach of food and beverage advertising on Chilean television according to marketing tactics and nutritional quality of products,PUBLIC HEALTH NUTRITION,"public, environmental & occupational health"
0,2018,"Navarrete, Paola",10.3389/fmicb.2018.02248,4259,,,,4840,"Perez-Reytor, Diliana",No,,Q1,,Review,Accessory Toxins of Vibrio Pathogens and Their Role in Epithelial Disruption During Infection,FRONTIERS IN MICROBIOLOGY,microbiology
"Porras, Omar",2018,"Tobar, Nicolas; (Martinez, Jorge",10.1016/j.redox.2018.02.023,7793,,,,9038,"Hernandez, Helen",No,,Q1,,Article,Insights into the HyPer biosensor as molecular tool for monitoring cellular antioxidant capacity,REDOX BIOLOGY,biochemistry & molecular biology
0,2018,"Romero, J.",10.1016/j.aquaculture.2018.04.046,3022,,,,3256,"Figueroa, E.",No,,Q1,,Article,Sperm cryopreservation with supplementation of a-tocopherol and ascorbic acid in freezing media increase sperm function and fertility rate in Atlantic salmon (Salmo salar),AQUACULTURE,marine & freshwater biology
0,2024,"Ana Pereira, Camila Corvalan ",,,,,5.7,6,Claire E. Kim ,,No,Q1 ,,Article,"Time-specific impact of trace metals on breast density of adolescent girls in Santiago, Chile",INTERNATIONAL JOURNAL OF CANCER,oncology
0,2020,Jaime Romero,10.1016/j.anireprosci.2020.106344,2145,,,,2281,"Bravo, Williams",No,,Q2,ANIMAL REPRODUCTION SCIENCE,Article,"Effects of selection by the Percoll density gradient method on motility, mitochondrial membrane potential and fertility in a subpopulation of Atlantic salmon (Salmo salar) testicular spermatozoa",,reproductive biology - scie
"Pia de la Maza, Maria",2019,"Bunout, Daniel; Barrera, Gladys; Hirsch, Sandra",10.1016/j.nut.2018.05.031,3639,,,,4118,"Wigodski, Sabrina",No,,Q2,,Article,Sarcopenia: The need to establish different cutting points of fat-free mass for the Chilean population,NUTRITION,nutrition & dietetics
"Cambiazo, Veronica",2020,"Pulgar, Rodrigo; Ortiz-Severin, Javiera; Gonzalez, Mauricio",10.3389/fcimb.2019.00426,5293,,,,5882,Alejandro Antonio Zúñiga,No,,	Q2,FRONTIERS IN CELLULAR AND INFECTION MICROBIOLOGY,Article,Transcriptomic Changes of Piscirickettsia salmonis During Intracellular Growth in a Salmon Macrophage-Like Cell Line,,immunology
0,2022,C. Corvalán,10.1016/j.numecd.2022.08.018,,3.9,,,4.2,E. Martinez Steele,no,,Q2,NUTRITION METABOLISM AND CARDIOVASCULAR DISEASES,Article,Potential reductions in ultra-processed food consumption substantially improve population cardiometabolic-related dietary,,endocrinology & metabolism
"Albala, Cecilia",2018,"Lera, Lydia ; Leyton, Barbara ;Angel, Barbara",10.1371/journal.pone.0194074,2776,,,,3337,"Moreno, Ximena",No,,Q2,,Article,"Gender, nutritional status and disability-free life expectancy among older people in Santiago, Chile",PLOS ONE,multidisciplinary sciences
"Cecilia, Algarin",2022,"Patricio, Peirano; Sussanne, Reyes",10.1016/j.nicl.2022.103089,,4.2,,,5.1,"Cecilia, Algarin",Sí,,Q2,NEUROIMAGE-CLINICAL,Article,Cognitive control inhibition networks in adulthood are impaired by early iron deficiency in infancy,,neuroimaging -
0,2015,"Uauy, Ricardo",10.1016/j.envres.2015.07.021,3088,,,,3827,"Steinmaus, Craig",No,,Q1,,Article,Obesity and excess weight in early adulthood and high risks of arsenic-related cancer in later life,ENVIRONMENTAL RESEARCH,environmental sciences
0,2019,"Navarrete, Paola",10.3390/ijms20112827,4556,,,,4653,"Plaza, Nicolas",No,,Q1,,Article,Conservation of Small Regulatory RNAs in Vibrio parahaemolyticus: Possible role of RNA-OUT Encoded by the Pathogenicity Island (VPaI-7) of Pandemic Strains,INTERNATIONAL JOURNAL OF MOLECULAR SCIENCES,"chemistry, multidisciplinary"
0,2018,"Cruchet, Sylvia",10.1111/apa.14378,2265,,,,2396,"Salvatore, Silvia",No,,Q2,,Review,Review shows that parental reassurance and nutritional advice help to optimise the management of functional gastrointestinal disorders in infants,ACTA PAEDIATRICA,pediatrics
"Bravo-Sagua, Roberto;Albala, Cecilia",2024,"Carlos Márquez ,
Bárbara Angel ",10.3389/fcell.2024.1301433,,,,4.6,5.2,Gianella Liabeuf,,No,Q1 ,,Article,Decreased mitochondrial respiration associates with frailty in community-dwelling older adults,FRONTIERS IN CELL AND DEVELOPMENTAL BIOLOGY,cell biology
"(Arredondo-Olguin, Miguel",2016,0,10.1016/j.jtemb.2016.06.001,3225,,,,2978,"Andrews, Monica",no,,Q2,,Article,"Short repeats in the heme oxygenase 1 gene promoter is associated with increased levels of inflammation, ferritin and higher risk of type-2 diabetes mellitus",JOURNAL OF TRACE ELEMENTS IN MEDICINE AND BIOLOGY,biochemistry & molecular biology
0,2025,"Burrows, Raquel",10.1038/s41467-025-58574-z,15.7,,,,17.2,Maggie C. Y. Ng,No,,Q1,,Article,Large-scale multi-omics analyses in Hispanic/Latino populations identify genes for cardiometabolic traits,NATURE COMMUNICATIONS,multidisciplinary sciences
0,2024,"Igor Pacheco, Lee A. Meisel, ",10.3390/ijms25074081,,,,4.9,5.6,Osvin Arriagada,,no,Q1 ,,Article,A Past Genetic Bottleneck from Argentine Beans and a Selective Sweep Led to the Race Chile of the Common Bean (Phaseolus vulgaris L.),INTERNATIONAL JOURNAL OF MOLECULAR SCIENCES,"chemistry, multidisciplinary"
0,2022,"Reyes, Marcela; Burrows, Raquel ; Peirano, P  ; Algarín, C ",10.1016/j.psyneuen.2022.105718,,3.6,,,4.1,Fabian Lanuza Rilling,No,,Q1,PSYCHONEUROENDOCRINOLOGY,Article,Association of fasting Orexin-A levels with energy intake at breakfast and subsequent snack in Chilean adolescents,,neurosciences
"de Camargo, Adriano Costa",2021,0,10.3390/ijms22116010,6208,,,,6628,Geni Rodrigues Sampaio,No,,	Q1,INTERNATIONAL JOURNAL OF MOLECULAR SCIENCES,Review,"Polycyclic Aromatic Hydrocarbons in Foods: Biological Effects, Legislation, Occurrence, Analytical Methods, and Strategies to Reduce Their Formation",,biochemistry & molecular biology - scie
0,2024,Victor Faúndes,,,,,8.1,9.7,Dmitrijs Rots,,No,Q1,,Article,Pathogenic variants in KMT2C result in a neurodevelopmental disorder distinct from Kleefstra and Kabuki syndromes,The American Journal of Human Genetics,genetics & heredity
0,2016,"Cruchet, Sylvia",10.1097/MPG.0000000000001133,2799,,,,2861,"Lo Vecchio, Andrea",no,,Q1,,Article,Comparison of Recommendations in Clinical Practice Guidelines for Acute Gastroenteritis in Children,JOURNAL OF PEDIATRIC GASTROENTEROLOGY AND NUTRITION,gastroenterology & hepatology
"Arredondo-Olguin, Miguel",2023,0,10.1007/s12011-022-03443-9,,,3.4,,3.7,Manuel Ruz,No,,Q2,BIOLOGICAL TRACE ELEMENT RESEARCH,Article,Modulation of Zinc Transporter Expressions by Additional Zinc in C2C12 Cells Cultured in a High Glucose Environment and in the Presence of Insulin or Interleukin-6,,endocrinology & metabolism
0,2024,Rodrigo Pulgar ,,,,,2.1,2.4,"Phillip Dettleff
",,No,Q2,,Article,Effect of CRISPR/Cas9 Targets Associated with Iron Metabolism and Its Variation on Transcriptional Regulation of SHK-1 Cell Line as a Model for Iron Metabolism,Fishes,marine & freshwater biology
